state,district,college_name
Arunachal Pradesh,Papum Pare,Rajiv Gandhi University
Assam,Cachar,Assam University
Assam,,Tezpur University
Telangana,Hyderabad,University of Hyderabad
Telangana,Hyderabad,Maulana Azad National Urdu University
Telangana,Hyderabad,English & Foreign Languages University
Delhi,Delhi,Jamia Millia Islamia
Delhi,Delhi,University of Delhi
Delhi,Delhi,Jawaharlal Nehru University
Delhi,Delhi,Indira Gandhi National Open University
Madhya Pradesh,,The Indira Gandhi National Tribal University
Maharashtra,Mumbai City,Mahatma Gandhi Antarrashtriya Hindi Vishwavidyalaya
Mizoram,,Mizoram University
Meghalaya,East Khasi Hills,North Eastern Hill University
Manipur,Imphal West,Manipur University
Manipur,Imphal West,Central Agricultural University
Puducherry,,Pondicherry University
Sikkim,East Sikkim,Sikkim University
Tripura,West Tripura,Tripura University
Uttar Pradesh,,Aligarh Muslim University
Uttar Pradesh,Lucknow,Babasaheb Bhimrao Ambedkar University
Uttar Pradesh,Varanasi,Banaras Hindu University
Uttar Pradesh,Prayagraj,University of Allahabad
West Bengal,,Visva Bharati
Uttarakhand,Srinagar,Hemwati Nandan Bahuguna Garhwal University
Tamil Nadu,,Central university of Tamil Nadu
Tamil Nadu,Chennai,Indian Maritime University
Rajasthan,,Central University of Rajasthan
Punjab,,Central University of Punjab
Odisha,,Central University of Orissa
Madhya Pradesh,,Dr. Harisingh Gour Vishwavidyalaya
Kerala,,Central University of Kerala
Karnataka,Kalaburagi,Central University of Karnataka
Jharkhand,Ranchi,Central University of Jharkhand
Jammu and Kashmir,Srinagar,Central University of Kashmir
Jammu and Kashmir,Jammu,Central University of Jammu
Himachal Pradesh,,Central University of Himachal Pradesh
Haryana,,Central University of Haryana
Chhattisgarh,,Guru Ghasidas Vishwavidyalaya
Bihar,Patna,Central University of South Bihar
Gujarat,,Central University of Gujarat
Andhra Pradesh,,Gandhi Institute of Technology and Management (GITAM)
Telangana,Hyderabad,International Institute of Information Technology
Andhra Pradesh,,Koneru Lakshmaiah Education Foundation
Andhra Pradesh,,Rashtriya Sanskrit Vidyapeeth
Andhra Pradesh,,Sri Sathya Sai Institute of Higher Learning
Andhra Pradesh,Hyderabad,ICFAI Foundation for Higher Education
Andhra Pradesh,,Vignan's Foundation for Science Technology and Research
Arunachal Pradesh,Papum Pare,North Eastern Regional Institute of Science & Technology
Bihar,,Nava Nalanda Mahavihara
Chandigarh,Chandigarh,Punjab Engineering College
Delhi,Delhi,Indian Agricultural Research Institute
Delhi,Delhi,Indain Institute of Foreigen Trade
Delhi,Delhi,Indian Law Institute
Delhi,Delhi,Institute of liver and Biliary Sciences
Delhi,Delhi,Jamia Hamdard
Delhi,Delhi,National Museum Institute of History of Arts Conservation and Musicology
Haryana,,National Institute of Food Technology Entrepreneurship & Management (NIFTEM)
Delhi,Delhi,National University of Educational Planning & Administration
Delhi,Delhi,Rashtriya Sanskrit Sansthana
Delhi,Delhi,Shri Lal Bahadur Shastri Rashtriya Sanskrit Vidyapith
Delhi,Delhi,TERI School of Advanced studies
Gujarat,Ahmedabad,Gujarat Vidyapith
Gujarat,Vadodara,Sumandeep Vidyapeeth
Haryana,,Maharishi Markandeshwar (Deemed to be University)
Haryana,,Lingaya's Vidyapeeth
Haryana,,National Brain Research Centre
Haryana,,National Dairy Research Institute
Haryana,,Manav Rachna International Institute of Research and Studies
Jharkhand,Ranchi,Birla Institute of Technology
Karnataka,,B.L.D.E
Karnataka,Bengaluru Urban,Christ University
Karnataka,Bengaluru Urban,Indian Institute of Science
Karnataka,Bengaluru Urban,International Institute of Information Technology
Karnataka,Bengaluru Urban,Jain University
Karnataka,Mysuru,JSS Academy of Higher Education & Research
Karnataka,Bengaluru Urban,Jawahar lal Nehru Centre for Advanced Scientific Research
Karnataka,Belagavi,K.L.E. Academy of Higher Education and Research
Karnataka,,Manipal Academy of Higher Education
Karnataka,Bengaluru Urban,National Institute of Mental Health & Neuro Sciences
Karnataka,Dakshina Kannada,NITTE University
Karnataka,,Sri Devraj Urs Academy of Higher Education and Research
Karnataka,,Sri Siddhartha Academy of Higher Education
Karnataka,Bengaluru Urban,Swami Vivekananda Yoga Anusandhana Samsthana
Karnataka,Dakshina Kannada,Yenepoya University
Kerala,,Kerala Kalamandalam
Kerala,Thiruvananthapuram,Indian Institute of Space Science and Technology
Madhya Pradesh,,Indian Institute of Information Technology and Management
Madhya Pradesh,,Pandit Dwarka Prasad Mishra Indian Institute of Information Technology
Madhya Pradesh,,Lakshmibai National Institute of Physical Education
Maharashtra,Pune,Bharati Vidyapeeth
Maharashtra,Mumbai City,Central Institute of Fisheries Education
Maharashtra,,D.Y Patil Educational Society
Maharashtra,,Datta Meghe Institute of Medical Sciences
Maharashtra,Pune,Deccan College Postgraduate & Research Institute
Maharashtra,Pune,Dr. D.Y. Patil Vidyapeeth
Maharashtra,Pune,Gokhale Institute of Politics & Economics
Maharashtra,Mumbai City,Homi Bhabha National Institute Regd. Office
Maharashtra,Mumbai City,Indira Gandhi Institute of Development Research
Maharashtra,Pune,Defence Institute of Advanced Technology
Maharashtra,Mumbai City,International Institute for Population Sciences
Maharashtra,Mumbai City,Institute of Chemical Technology
Maharashtra,,Krishna Institute of Medical Sciences
Maharashtra,,MGM Institute of Health Sciences
Maharashtra,Mumbai City,Narsee Monjee Institute of Management Studies
Maharashtra,Mumbai City,Padmashree Dr.D.Y. Patil Vidyapeeeth
Maharashtra,,Pravara Institute of Medical Sciences
Maharashtra,Pune,Symbiosis International University
Maharashtra,Mumbai City,Tata Institute of Fundamental Research
Maharashtra,Mumbai City,Tata Institute of Social Sciences
Maharashtra,Pune,Tilak Maharashtra Vidyapeeth
Odisha,,Kalinga Institute of Industrial Technology
Odisha,,Siksha 'O' Anusandhan
Punjab,,Sant Longowal Institute of Engineering and Technology
Punjab,,Thapar Institute of Engineering & Technology
Puducherry,,Sri Balaji Vidyapeeth (Deemed to be University)
Rajasthan,,Banasthai Vidyapith
Rajasthan,,Birla Institute of Technology & Science
Rajasthan,,Institute of Advanced Studies in Education
Rajasthan,Jaipur,IIS
Rajasthan,,Jain Vishva Bharati Institute
Rajasthan,Udaipur,Janardan Rai Nagar Rajasthan Vidyapeeth
Rajasthan,Jaipur,The LNM Institute of Information Technology jaipur
Rajasthan,,Mody Institute of Education and Research
Tamil Nadu,Chennai,Academy of Maritime Education and Training
Tamil Nadu,Coimbatore,Amrita Vishwa Vidyapeetham
Tamil Nadu,Coimbatore,Avinashilingam Institute for Home Science & Higher Education for Women
Tamil Nadu,Chennai,B.S. Abdur Rahman Institute of Science and Technology
Tamil Nadu,Chennai,Bharath Institute of Higher Education & Research
Tamil Nadu,,Chennai Mathematical Institute
Tamil Nadu,Chennai,Chettinad Academy of Research and Education (CARE)
Tamil Nadu,,The Gandhiigram Rural Institute
Tamil Nadu,Chennai,Hindustan Institute of Technology and Science (HITS)
Tamil Nadu,,Kalasalingam Academy of Research and Education
Tamil Nadu,Coimbatore,Karunya Institute of Technology and Sciences
Tamil Nadu,Coimbatore,Karpagam Academy of Higher Education
Tamil Nadu,Chennai,Dr. M.G.R. Educational and Research Institute
Tamil Nadu,Chennai,Meenakshi Academy of Higher Education and Research
Tamil Nadu,,Noorul Islam Centre for Higher Education
Tamil Nadu,,Periyar Manaimmai Institute of Science & Technology (PMIST)
Tamil Nadu,,Ponnaiyan Ramajayam Institute of Science & technology (PMIST)
Tamil Nadu,,Rajiv Gandhi National Institute of Youth Development
Tamil Nadu,Chennai,S.R.M Institute of Science and Technology
Tamil Nadu,Chennai,Sathyabama Institute of Science and Technology
Tamil Nadu,Chennai,Saveetha Institute of Medical and Technical Sciences
Tamil Nadu,,Shanmugha Arts Science Technology & Research Academy (SASTRA)
Tamil Nadu,,Sri Chandrasekharendra Saraswathi Vishwa Mahavidyalaya
Tamil Nadu,Chennai,Sri Ramachandra Medical College and Research Institute
Tamil Nadu,Chennai,St. Peter’s Institute of Higher Education and Research
Tamil Nadu,Chennai,VELS Institute of Science Technology & Advanced Studies (VISTAS)
Tamil Nadu,,Vellore Institute of Technology
Tamil Nadu,Chennai,Vel Tech Rangarajan Dr. Sagunthala R & D Institute of Science and Technology
Tamil Nadu,,Vinayaka Mission’s Research Foundation
Uttar Pradesh,Prayagraj,Sam Higginbottom Institute of Agriculture Technology & Sciences
Uttar Pradesh,Lucknow,Bhatkhande Music Institute
Uttar Pradesh,Varanasi,Central Institute of Higher Tibetan Studies
Uttar Pradesh,Agra,Dayalbagh Educational Institute
Uttar Pradesh,,Indian Veterinary Research Institute
Uttar Pradesh,,Jaypee Institute of Information Technology
Uttar Pradesh,Agra,Nehru Gram Bharati
Uttar Pradesh,Meerut,Shobhit Institute of Engineering & Technology
Uttar Pradesh,,Santosh University
Uttarakhand,Dehradun,Forest Research Institute
Uttarakhand,,Gurukul Kangri vidyapeeth
Uttarakhand,Dehradun,Graphic Era University
West Bengal,,Ramakrishna Mission Vivekananda Educational and Research Institute
Assam,Kamrup Metropolitan,Assam Don Bosco University
Chhattisgarh,Kota,Dr. C.V. Raman University
Chhattisgarh,Raipur,MATS University
Gujarat,,Charotar University of Science & Technology
Gujarat,Ahmedabad,Calorx Teacher's University
Gujarat,,Dhirubhai Ambani Institute of Information and Communication Technology
Gujarat,,Ganpat University
Gujarat,,Kadi Sarva Vishwavidyalaya
Gujarat,Ahmedabad,Nirma University
Gujarat,,Pandit Deendayal petroleum University
Haryana,,The Northcap University
Haryana,,O.P. Jindal Global University
Andhra Pradesh,,Acharaya N.G.Ranga Agricultural University
Andhra Pradesh,,Acharaya Nagarjuna University
Andhra Pradesh,,Adikavi Nannaya University
Tamil Nadu,,Alagappa University
West Bengal,Kolkata,Aliah University
Gujarat,,Anand Agricultural University
Andhra Pradesh,,Dr. N.T.R. University of Health Sciences
Andhra Pradesh,Patna,Andhra University
Tamil Nadu,Chennai,Anna University
Tamil Nadu,,Annamalai University
Assam,,Assam Agricultural University
Madhya Pradesh,,Awadesh Pratap Singh University
Punjab,,Baba Farid University of Health Sciences
Jammu and Kashmir,Jammu,Baba Ghulam Shah Badshah University
Bihar,,Babasaheb Bhimrao Ambedkar Bihar University
Karnataka,Bengaluru Urban,Bangalore University
Madhya Pradesh,Bhopal,Barkatullaah University
Chhattisgarh,,Bastar Vishwavidyalaya
Odisha,,Berhampur University
Haryana,,Bhagat Phool Singh Mahila Vishwavidyalaya
Tamil Nadu,Coimbatore,Bharathiar University
Tamil Nadu,,Bharathidasan University
Gujarat,,Krishnakumarsinhji Bhavnagar University
Bihar,,Bhupender Narayan Mandal University
West Bengal,,Bidhan Chandra Krishi Vishwavidyalaya
Odisha,,Biju Patnaik University of Technology
Jharkhand,Ranchi,Birsa Agricultural University
Uttar Pradesh,,Bundelkhand University
West Bengal,,Burdwan University
West Bengal,Kolkata,Calcutta University
Kerala,,Calicut University
Gujarat,Ahmedabad,CEPT University
Bihar,Patna,Chanakya National Law University
Uttar Pradesh,,Chandr Shekhar Azad University of Agriculture & Technology
Uttar Pradesh,,Chatrapati Sahuji Maharaj Kanpur University
Haryana,,Chaudhary Devi Lal University
Chhattisgarh,,Chhattisgarh Swami Vivekanad Technical Universty
Haryana,,Choudary Charan Singh Haryana Agricultural Univeersity
Uttar Pradesh,Meerut,Choudary Charan Singh University
Kerala,Ernakulam,Cochin Unviersity of Science & Technology
Karnataka,,Davangere University
Haryana,,Deen Bandhu Chhotu Ram University of Sciences & Technology
Uttar Pradesh,,Deen Dayal Upadhyay Gorakhpur University
Madhya Pradesh,,Devi Ahilya Vishwavidyalaya
Gujarat,,Dharmsinh Desai University
Assam,,Dibrugarh University
Uttarakhand,Dehradun,Doon University
Andhra Pradesh,,Dr. B.R.Ambedkar University
Telangana,Hyderabad,Dr. B.R.Ambedkar Open University
Uttar Pradesh,Agra,Dr. B.R. Ambedkar University
Maharashtra,,Dr. Babasaheb Ambedkar Marathwada University
Gujarat,Ahmedabad,Dr. Babasaheb Ambedkar Open University
Maharashtra,,Dr. Babasaheb AmbedkarTechnological University
Maharashtra,,Dr. Punjabrao Deshmukh Krishi Vidyapeeth
Uttar Pradesh,,Dr. Ram Manohar Lohia Awadh University
Uttar Pradesh,Lucknow,Dr. Ram Manohar Lohiya National Law University
Uttar Pradesh,Lucknow,Dr. Shakuntala Misra National Rehabilitation University
Himachal Pradesh,,Dr. Y.S.Parmar University of Horticulture & Forestry
Andhra Pradesh,,Dravidian University
Odisha,,Fakir Mohan University
Uttarakhand,,G.B.Pant University of Agriculture & Technology
Assam,Kamrup Metropolitan,Gauhati University
West Bengal,,Univesity of Gour Banga
Uttar Pradesh,,Gautam Buddha University
Goa,,Goa University
Gujarat,,Gujarat Ayurveda University
Gujarat,,Gujarat National Law University
Gujarat,Ahmedabad,Gujarat Technological University
Gujarat,Ahmedabad,Gujarat University
Karnataka,Kalaburagi,Gulbarga University
Punjab,,Guru Angad Dev Veterinary & Animal Sciences University
Haryana,,Guru Jambeshwar University of Science and Technology
Punjab,,Guru Nanak Dev University
Gujarat,,Hemchandracharya North Gujarat University
Chhattisgarh,Raipur,Hidayatullah National Law University
Himachal Pradesh,,Chaudhary Sarwan Kumar Himachal Pradesh Krishi Vishvavidyalaya
Himachal Pradesh,Shimla,Himachal Pradesh University
Chhattisgarh,Raipur,Indira Gandhi Krishi Vishwavidyalaya
Chhattisgarh,,Indira Kala Sangeet Vishwavidyalaya
Jammu and Kashmir,Jammu,Islamic University of Sciences & Technology University
West Bengal,Kolkata,Jadavpur University
Rajasthan,Jaipur,Jagadguru Ramanandacharya Sanskrit University
Rajasthan,Jodhpur,Jai Naraim Vyas University
Bihar,,Jai Prakash vishwavidyalaya(university)
Jammu and Kashmir,Jammu,Jammu University
Madhya Pradesh,,Jawaharlal Nehru Krishi Vishwavidyalaya
Andhra Pradesh,Hyderabad,Jawaharlal Nehru Technological University
Andhra Pradesh,,Jawaharlal Nehru Technological University
Andhra Pradesh,,Jawaharlal Nehru Technological University
Madhya Pradesh,,Jiwaji University
Telangana,,Kakatiya University
West Bengal,,Kalyani University
Bihar,,Kameshwar Singh.Darbhanga Sanskrit Vishwavidyalaya
Karnataka,Dharwad,Karanataka State Law University
Karnataka,Mysuru,Karanataka State Open University
Karnataka,,Kannada University
Kerala,,Kannur University
Karnataka,,"Akkamahadevi women's University (Formerly known as ""Karnataka State Women's University)"
Karnataka,Dharwad,Karanataka University
Karnataka,,Karanataka Veterinary Animal & Fisheries Science University
Jammu and Kashmir,Srinagar,Kashmir University
Maharashtra,Nagpur,Kavi Kulguru Kalidas Sanskrit Vishwavidyalaya
Kerala,Thiruvananthapuram,Kerala University
Kerala,,Kerala Agricultural Unviersity
Uttar Pradesh,Lucknow,King Georges Medical University
Jharkhand,,Kolhan University
Maharashtra,,Konkan Krishi Vidyapeeth
Gujarat,,Krantiguru Shyamji Krishna Verma Kachchh University
Assam,Kamrup Metropolitan,Krishna Kanta Handique State Open University
Andhra Pradesh,,Krishna University
Uttarakhand,,Kumaun University
Haryana,,Kurukshetra University
Chhattisgarh,Raipur,Kushabhau Thakre Patrakarita Avam Jansanchar Vishwavidyalaya
Karnataka,,Kuvempu University
Bihar,,Lalit Narayan Mithila University
Uttar Pradesh,Lucknow,Lucknow University
Madhya Pradesh,,Mahatma Gandhi Chitrakoot Gramodaya Vishwavidyalaya
Uttar Pradesh,,M.J.P. Rohilkhand University
Madhya Pradesh,Bhopal,M.P.Bhoj (open) University
Tamil Nadu,Chennai,Madaras University
Tamil Nadu,,Madurai Kamraj University
Bihar,,Magadh University
Madhya Pradesh,,Maharshi Panini Sanskrit Evam Vedic Vishwavidyalaya
Maharashtra,,Maharahtra University of Health Sciences
Gujarat,Vadodara,Maharaja Sayajirao University of Baroda
Rajasthan,Udaipur,Maharana Pratap University of Agriculture & Technology
Maharashtra,Nagpur,Maharashtra Animal & Fishery Sciences University
Rajasthan,,Maharishi Dayanand Saraswati University
Haryana,,Maharishi Dayanand University
Uttar Pradesh,Varanasi,Mahatam Gandhi Kashi Vidyapeeth
Andhra Pradesh,,Mahatma Gandhi University
Kerala,,Mahatma Gandhi Unversity
Maharashtra,,Mahatma Phule Krishi Vidyapeeth
Madhya Pradesh,Bhopal,Makhanlal Chaturvedi National University of Journalism & Communication
Karnataka,Dakshina Kannada,Mangalore University
Tamil Nadu,,Manonmaniam Sundarnar University
Maharashtra,,Marathwada Agricultural University
Bihar,Patna,Maulana Mazharul Haque Arabic & Persian University
Rajasthan,Udaipur,Mohan Lal Shukhadia University
Tamil Nadu,,Mother Teresa Women's University
Maharashtra,Mumbai City,Mumbai University
Karnataka,Mysuru,Mysore University
Bihar,Patna,Nalanda Open University
Uttar Pradesh,,Narendra Deo University of Agriculture & Technology
Telangana,Hyderabad,National Academy of Legal Studies & Research University
Madhya Pradesh,Bhopal,National Law Institute University
Karnataka,Bengaluru Urban,National law School of India University
Rajasthan,Jodhpur,National Law Universituy
Kerala,Ernakulam,National University of Advanced Legal Studies (NUALS)
West Bengal,Kolkata,Netaji Shubhash Open University
Jharkhand,,Nilamber-Pitamber University
West Bengal,,North Benagal University
Maharashtra,,Kavayitri Bahinabai Chadhari North Maharashtra University
Odisha,Khordha,Orissa University Of Agriculture & Technology
Telangana,Hyderabad,Osmania University
Telangana,,Palamuru University
Tamil Nadu,,Periyar University
Telangana,Hyderabad,Potti Sreeramulu Teugu Universtity
Haryana,,Pt. Bhagwat Dayal Sharma University of Health Sciences
Chhattisgarh,,Pt. Sundarlal Sharma (Open) University
Chhattisgarh,Raipur,Pt.Ravishankar Shukla University
Maharashtra,Pune,Savitribai Phule Pune University
Punjab,,Punjab Agriculture University
Punjab,,Punjab Technical University
Punjab,,Punjabi University
West Bengal,Kolkata,Rabindra Bharati University
Rajasthan,,Swami Keshwanand Rajasthan Agriculture University
Rajasthan,Jodhpur,Rajasthan Ayurveda University
Rajasthan,Kota,Rajasthan Technical University
Rajasthan,Jaipur,Rajasthan University
Rajasthan,Jaipur,Rajasthan University of Health Sciences
Bihar,,Rajendra Agricultural University
Madhya Pradesh,Bhopal,Rajiv Gandhi Prodoyogiki Vishwavidyalaya
Karnataka,Bengaluru Urban,Rajiv Gandhi University of Health Science
Jharkhand,Ranchi,Ranchi University
Madhya Pradesh,,Rani Durgavati Vishwavidyalaya
Odisha,,Ravenshaw University
Andhra Pradesh,,Rayalaseema University
Odisha,,Sambalpur University
Uttar Pradesh,Varanasi,Sampurnanand Sanskrit Vishwavidyalaya
Maharashtra,,Sant Gadge Baba Amravati University
Gujarat,,Sardar Patel University
Uttar Pradesh,Meerut,Sardar Vallabh Bhai Patel University of Agriculture & Technology
Chhattisgarh,,Sarguja University
Andhra Pradesh,,Satavahana University
Gujarat,Rajkot,Saurashtra University
Jammu and Kashmir,Srinagar,Sher-e-Kashmir University of Agricultural Science & Technology
Maharashtra,,Shivaji University
Kerala,,Shree Sankaracharaya University of Sanskrit
Gujarat,,Shree Somnath Sanskrit University
Odisha,,Shri Jagannath Sanskrit Vishwavidyalaya
Jammu and Kashmir,Jammu,Shri Mata Vaishno Devi University
Andhra Pradesh,,Sri krishnadevaraya University
Jharkhand,,Sido Kanhu University
Maharashtra,Mumbai City,Smt. Nathibai Damodar Thackersey Women's University
Maharashtra,Pune,Solapur University
Gujarat,Surat,Veer Narmad South Gujarat University
Andhra Pradesh,,Sri Padmavati Mahila Vishwavidyalayam
Andhra Pradesh,,Sri Venkateswara University
Andhra Pradesh,,Sri Venkateswara Vedic University
Andhra Pradesh,,Sri Venkateswara Veterinary University
Maharashtra,,Swami Ramanand Teerth Marathwada University
Bihar,,T.M. Bhagalpur University
Tamil Nadu,Chennai,Tamil Nadu Open University
Tamil Nadu,Chennai,Tamil Nadu Teacher Education University
Tamil Nadu,,Tamil University
Tamil Nadu,Coimbatore,Tamilnadu Agricultural University
Tamil Nadu,Chennai,Tamilnadu Dr. Ambedkar Law University
Tamil Nadu,Chennai,Tamilnadu Dr. M.G.R.Medical University
Tamil Nadu,Chennai,Tamilnadu Physical Educaton and Sports University
Tamil Nadu,Chennai,Tamilnadu Veterinary & Animal Sciences University
Andhra Pradesh,,Telangana University
Punjab,,The Rajiv Gandhi National University of Law
Maharashtra,Nagpur,The Rashtrasant Tukadoji Maharaj Nagpur University
Tamil Nadu,,Thiruvalluvar University
Karnataka,,Tumkur University
Uttar Pradesh,Lucknow,U.P.King George's University of Dental Sciences
Uttar Pradesh,Prayagraj,U.P. Rajarshi Tandon Open University
Karnataka,Bengaluru Urban,University of Agricultural Sciences
Karnataka,Dharwad,University of Agricultural Sciences
Rajasthan,Kota,University of Kota
Odisha,Khordha,Utkal University
Odisha,Khordha,Utkal University of Culture
Uttar Pradesh,Lucknow,Dr. A.P.J. Abdul Kalam Technical University
Uttarakhand,Delhi,Uttarakhand Sanskrit University
Uttarakhand,,Uttarakhand Technical University
Rajasthan,Kota,Vardhman Mahaveer Open University
Uttar Pradesh,,Veer Bahadur Singh Purvanchal University
Bihar,,Veer Kunwar Singh University
Odisha,,Veer Surendra Sai University of Technology
Karnataka,Belagavi,Vesveswaraiah Technological University
Andhra Pradesh,,Vikrama Simhapuri University
Madhya Pradesh,,Vikram University
Jharkhand,,Vinoba Bhave University
Maharashtra,,Yashwant Rao Chavan Maharashtra Open University
Andhra Pradesh,,Yogi Vemana University
Chhattisgarh,,Maharishi University of Management and Technology
Gujarat,Ahmedabad,Ahmedabad University
Haryana,,AMITY University
Himachal Pradesh,,Chitkara University
Himachal Pradesh,,Jaypee University of Information Technology
Himachal Pradesh,,Eternal University
Himachal Pradesh,,Shoolini University of Biotechnology and Management Sciences
Himachal Pradesh,,Indus International Uniersity
Himachal Pradesh,,Arni University
Himachal Pradesh,,Manav Bharti University
Himachal Pradesh,,Bahra University
Jharkhand,Ranchi,The Institute of Chartered Financial Analysts of India University
Madhya Pradesh,,Jaypee University of Engineering & Technology
Meghalaya,East Khasi Hills,Martin Luther Christian University
Meghalaya,East Khasi Hills,Techno Global University
Meghalaya,,The Institute of Chartered Financial Analysts of India University
Meghalaya,,University of Science & Technology Meghalaya
Mizoram,,The Institute of Chartered Financial Analysts of India University
Nagaland,,The Global Open University
Nagaland,Kohima,ICFAI University
Punjab,Delhi,Lovely Professional University
Rajasthan,Jaipur,Amity University
Rajasthan,,Bhagwant University
Rajasthan,Jaipur,Jagannath University
Rajasthan,Jaipur,Jaipur National University
Rajasthan,Jodhpur,Jodhpur National University
Rajasthan,Jaipur,Jayoti Vidyapeet Women's University
Rajasthan,Jaipur,Mahatma Jyoti Rao Phoole University
Rajasthan,,Mewar University
Rajasthan,Delhi,NIMS University
Rajasthan,,Shri Jagdish Prasad Jhabarmal Tibrewala University
Rajasthan,,Sir Padmapat Singhania University
Rajasthan,,Singhania University
Rajasthan,Jaipur,Suresh Gyan Vihar University
Rajasthan,,Shridhar University
Sikkim,East Sikkim,The Institute of Chartered Financial Analysts of India University
Sikkim,East Sikkim,Sikkim Manipal University
Sikkim,East Sikkim,Vinayaka Missions Sikkim University
Tripura,West Tripura,ICFAI University
Uttar Pradesh,,AMITY University
Uttar Pradesh,,Jagadgura Rambhadracharya Handicapped University
Uttar Pradesh,Lucknow,Integral University
Uttar Pradesh,,Mangalayatan University
Uttar Pradesh,,Mohammad Ali Jauhar University
Uttar Pradesh,Delhi,Teerthanker Mahaveer University
Uttar Pradesh,,Sharda University
Uttar Pradesh,Delhi,Swami Vivekananda Subharti University
Uttarakhand,,Dev Sanakrit Vishwavidyalaya
Uttarakhand,Dehradun,Himgiri Zee University
Uttarakhand,Dehradun,The ICFAI University
Uttarakhand,Dehradun,University of Petroleum and Energy Studies
Uttarakhand,Delhi,University of Patanjali
Chandigarh,Chandigarh,Punjab University
Delhi,Delhi,National Law University
Delhi,Delhi,Indraprastha Institute of Information Technology
Delhi,Delhi,Guru Gobind Singh Indraprastha Vishwavidyalaya
Delhi,Delhi,Delhi Technological University
Delhi,Delhi,Ambedkar University Delhi (AUD)
West Bengal,Kolkata,West Bengal State University
West Bengal,Kolkata,Maulana Abul Kalam Azad University of Technology
West Bengal,Kolkata,West Bengal University of Animal and Fishery Sciences
West Bengal,,Vidya Sagar University
West Bengal,,Uttar Banga Krishi Vishwavidyalaya
West Bengal,Kolkata,The West Bengal University of Health Sciences
West Bengal,Kolkata,The West Bengal National University of Juridical Science
West Bengal,,The Bengal Engineering & Science University
Bihar,Patna,Patna University
Odisha,,National Law University
Bihar,Patna,Arybhatta Knowledge University
Uttarakhand,,Indian Institute of Technology (Roorkee)
Tripura,West Tripura,National Institute of Technology
Chhattisgarh,Raipur,National Institute of Technology
Rajasthan,Jaipur,Malviya National Institute of Technology
Uttar Pradesh,Prayagraj,Motilal Nehru National Institute of Technolgy
Kerala,,National Insitute of Technology
Himachal Pradesh,,National Institute of Technology
Haryana,,National Institute of Technology
Odisha,,National Institute of Technology
Karnataka,Surat,National Institute of Technology Karnataka
Assam,Cachar,National Institute of Technology
Maharashtra,Nagpur,Visvesvaraya National Institute of Technology
Madhya Pradesh,Bhopal,Maulana Azad National Institute of Technology
Andhra Pradesh,,National Institute of Technology
Gujarat,Surat,Sardar Valabh Bhai National Institute of Technology
Jharkhand,,National Institute of Technology
Punjab,,B.R.Ambedkar National Institute of Technology
Tamil Nadu,,National Institute of Technology
Bihar,Patna,National Institute of Technology
Jammu and Kashmir,Srinagar,National Institute of Technology
West Bengal,,National Institute of Technology
Assam,Kamrup Metropolitan,Indian Institute of Technology
Delhi,Delhi,All India Institute of Medical Sciences
Delhi,Delhi,Indian Institute of Technology
Kerala,Thiruvananthapuram,Sree Chitra Tirunal Institute for Medical Sciences & Technology
Maharashtra,Mumbai City,Indian Institute of Technology
Tamil Nadu,Chennai,Dakshina Bharat Hindi Prachar Sabha
Tamil Nadu,Chennai,Indian Institute of Technology
Uttar Pradesh,,Indian Institute of Technology
West Bengal,Kolkata,Indian Statistical Institute
Chandigarh,Chandigarh,Post-Graduate Institute of Medical Education & Research
Punjab,,National Institute of Pharmeutical Education & Research
Punjab,,Indian Institute of Technology Ropar
Gujarat,Ahmedabad,Indian Institute of Technology
Andhra Pradesh,Hyderabad,Indian Institute of Technology
Manipur,,National Institute of Technology
Odisha,,Indian Institute of Technology
Bihar,Patna,Indian Institute of Technology
Karnataka,Bengaluru Urban,Alliance University
Haryana,,Apeejay Stya University
Karnataka,Bengaluru Urban,Azim Premji University
Himachal Pradesh,,Baddi University of Emerging Sciences & Technology
Odisha,,Centurion University of Technolgy and Management
Chandigarh,Chandigarh,Chitkara University
Meghalaya,,CMJ University
Rajasthan,,Dr K N Modi University
Uttar Pradesh,Delhi,G L A University
Uttar Pradesh,Delhi,IFTM University
Uttar Pradesh,Lucknow,Invertis University
Himachal Pradesh,,Maharishi Markandeshwar University
Gujarat,Vadodara,Navrachana University
Uttar Pradesh,,Noida International University
Rajasthan,Udaipur,Pacific Academy of Higher Education & Research (PAHER)
Andhra Pradesh,,dsdsds
Delhi,Delhi,South Asian University
Delhi,Delhi,University College of Medical Sciences
Andhra Pradesh,Patna,Damodaram Sanjivayya National Law University
Telangana,Hyderabad,Jawaharlal Nehru Architecture and Fine Arts University
Chhattisgarh,Raipur,Ayush and Health Sciences University of Chhattisgarh
Gujarat,,Gujarat Forensic Sciences University
Haryana,,Lala Lajpat Rai University of Veterinary & Animal Sciences
Haryana,,YMCA University of Science & Technology
Himachal Pradesh,,Himachal Pradesh Technical University
Jharkhand,Ranchi,National University of Study & Research in Law
Karnataka,,Rani Channamma University
Karnataka,,Vijayanagara Sri Krishnadevaraya University
Kerala,Ernakulam,Kerala University of Fisheries & Ocean Studies
Kerala,,Kerala Veterinary & Animal Sciences University
Kerala,,Kerala University of Health Sciences
Madhya Pradesh,,Madhya Pradesh Pashu Chikitsa Vigyan Vishwavidyalaya
Rajasthan,,Maharaja Ganga Singh University
Uttar Pradesh,,Mahamaya Technical University
Uttar Pradesh,Lucknow,Khwaja Moinuddin Chishti Urdu Arabi-Farsi University
West Bengal,Kolkata,Presidency University
West Bengal,Ranchi,Sidho-Kanho-Birsha University
Uttarakhand,,Uttarakhand Open University
Haryana,,Maharishi Markandeshwar University
Himachal Pradesh,,Sri Sai University
Madhya Pradesh,,Amity University
Madhya Pradesh,,ITM University
Meghalaya,,Mahatama Gandhi University
Meghalaya,East Khasi Hills,University of Technology & Management
Punjab,,Sri Guru Granth Sahib World University
Rajasthan,,Raffles University
Rajasthan,Jaipur,Homoeopathy University
Uttar Pradesh,,Galgotias University
Uttar Pradesh,,Shiv Nadar University
Uttar Pradesh,Lucknow,Babu Banarasi Das University
Uttar Pradesh,,Shri Venkateshwara University
Telangana,Hyderabad,Rajiv Gandhi University of Knowledge Technology
Karnataka,Bengaluru Urban,Karnataka Sanskrit University
Himachal Pradesh,,Indian Institute of Technology
Madhya Pradesh,,Indian Institute of Technology
Rajasthan,Jodhpur,Indian Institute of Technology
Tamil Nadu,,"Indian Institute of Information Technology,Design & Manufacturing(IIITDM)"
Sikkim,,National Institute of Technology
Arunachal Pradesh,,National Institute of Technology
Sikkim,,National Institute of Technology
Uttarakhand,,National Institute of Technology
Mizoram,,National Institute of Technology
Nagaland,,National Institute of Technology
Meghalaya,,National Institute of Technology
Goa,,National Institute of Technology
Puducherry,,National Institute of Technology
Delhi,Delhi,National Institute of Technology
Karnataka,Mysuru,KSGH Music and Performing Arts University
Assam,Kamrup Metropolitan,Assam Down Town University
Gujarat,Surat,UKA Tarsadia University
Haryana,,NIILM University
Madhya Pradesh,Bhopal,Rabindranath Tagore University (formerly known as AISECT University)
Madhya Pradesh,Bhopal,People's University
Madhya Pradesh,,Oriental University
Madhya Pradesh,Bhopal,RKDF University
Meghalaya,East Khasi Hills,William Carey University
Rajasthan,Jaipur,ICFAI University
Himachal Pradesh,,ICFAI University
Chhattisgarh,Raipur,ICFAI University
Rajasthan,Mumbai City,Pratap University
Rajasthan,Jaipur,Manipal University
Rajasthan,,Sunrise University
Rajasthan,Jaipur,JK Lakshmipat University
Rajasthan,Jaipur,Mahatma Gandhi University of Medical Sciences & Technology
Uttarakhand,Dehradun,Graphic Era Hill University
Gujarat,Rajkot,RK University
Assam,,The Assam Kaziranga University
Chhattisgarh,Raipur,Kalinga University
Gujarat,Ahmedabad,Rai University
Gujarat,Surat,AURO University of Hospitality and Management
Haryana,Delhi,M.V.N. University
Haryana,,Baba MastNath University
Haryana,,Ansal University
Himachal Pradesh,,Career Point University
Himachal Pradesh,,I.E.C. (India Education Centre) University
Jharkhand,Ranchi,Jharkhand Rai University
Jharkhand,Ranchi,Sai Nath University
Madhya Pradesh,,A.K.S. University
Madhya Pradesh,,Swami Vivekanand University
Punjab,,Guru Kashi University
Odisha,,Sri Sri University
Rajasthan,Jaipur,Maharaj Vinayak Global University
Rajasthan,Jaipur,University of Engineering & Management
Rajasthan,Kota,Career Point University
Rajasthan,Jaipur,Vivekananda Global University
Rajasthan,Jaipur,Poornima University
Rajasthan,,Sangam University
Uttar Pradesh,Delhi,Monad University
Rajasthan,Delhi,NIIT University
Andhra Pradesh,,Dr. Y.S.R. Horticultural Univerity
Assam,Kamrup Metropolitan,National Law University and Judicial Academy
Assam,,Bodoland University
Assam,Kamrup Metropolitan,Assam Rajiv Gandhi University of Co-operative Management
Madhya Pradesh,,Rajmata Vijayaraje Scindia Krishi Vishwa Vidyalaya
Maharashtra,,Gondwana University
Punjab,,Guru Ravidas Ayurved University
Gujarat,,Swarnim Gujarat Sports University
Andhra Pradesh,,Sri Venkateswara Institute of Medical Sciences
Himachal Pradesh,Shimla,A P Goyal Shimla University
Rajasthan,Udaipur,Geetanjali University
Rajasthan,Jaipur,J.E.C.R.C University
Arunachal Pradesh,,Indira Gandhi Technological and Medical Science University
Chhattisgarh,,Atal Bihari Bajpayee Vishwavidyalaya
Chhattisgarh,Raipur,ITM University
Madhya Pradesh,Bhopal,Atal Bihari Vajpayee Hindi Vishwavidyalaya
Arunachal Pradesh,,Arunachal University of Studies
Punjab,,Chandigarh University
Uttar Pradesh,Lucknow,Shri Ramswaroop Memorial University
Punjab,,Adesh University
Assam,Kamrup Metropolitan,Assam Science & Technology University
Arunachal Pradesh,,Venkateshwara Open University
West Bengal,Kolkata,Techno India University
Gujarat,,Children's University
Gujarat,Ahmedabad,Indus University
Himachal Pradesh,,Maharaja Agrasen University
Uttar Pradesh,Delhi,The Glocal University
Madhya Pradesh,,Raja Mansingh Tomar Music & Arts University
Rajasthan,,Rajasthan University of Veterinary & Animal Sciences
Rajasthan,,Rajasthan University of Veterinary & Animal Sciences
Bihar,,Bihar Agricultural University
Uttarakhand,Dehradun,DIT University
Uttarakhand,Dehradun,IMS Unison University
Punjab,,D.A.V University
Punjab,,Desh Bhagat University
Uttarakhand,Dehradun,Uttaranchal University
Madhya Pradesh,,Techno Global University
Haryana,Delhi,K.R. Mangalam University
Madhya Pradesh,Bhopal,Jagran Lakecity University
Haryana,,Shree Guru Gobind Singh Tricentenary University
Haryana,,GD Goenka University
Arunachal Pradesh,,Apex Professional University
Rajasthan,Jodhpur,Sardar Patel University of Police Security & Criminal Justice
Haryana,,Jagan Nath University
Uttarakhand,Dehradun,Swami Rama Himalayan University
Assam,,Kumar Bhaskar Varma Sanskrit & Ancient Studies University
Gujarat,Ahmedabad,Raksha Shakti University
Gujarat,,Indian Institute of Teacher Education
Karnataka,,Karnataka Folklore University
Karnataka,Bengaluru Urban,Reva University
Uttar Pradesh,,Shobhit University
Haryana,,SRM University
Arunachal Pradesh,,Himalayan University
Bihar,,Nalanda University
Delhi,Delhi,South Asian Universit y
Rajasthan,Jaipur,Haridev Joshi University of Journalism and Mass Communication
Chhattisgarh,,Chhattisgarh Kamdhenu Vishwavidyalaya
Assam,Kamrup Metropolitan,Cotton University
Odisha,,North Orissa University
Tamil Nadu,,Tamil Nadu Fisheries University
Uttarakhand,,Sri Dev Suman Uttarakhand Vishwavidyalaya
Karnataka,,Presidency University
Kerala,,Thunchath Ezhuthachan Malayalam University
Rajasthan,,OPJS University
Rajasthan,,Tantia University
Karnataka,Bengaluru Urban,PES University
Karnataka,Bengaluru Urban,M.S. Ramaiah University of Applied Sciences
Odisha,Khordha,Xavier university
Gujarat,Ahmedabad,C. U. Shah University
Karnataka,,CMR University
Assam,Kamrup Metropolitan,Srimanta Sankaradeva University of Health Sciences
Tamil Nadu,,Tamilnadu National Law School
Uttarakhand,Dehradun,Uttarakhand Ayurved University
West Bengal,,Kazi Nazrul University
Haryana,,Indira Gandhi University
Madhya Pradesh,Bhopal,Sri Satya Sai University of Technology & Medical Sciences
Rajasthan,,Madhav University
Uttar Pradesh,,Rama University
Rajasthan,Jodhpur,Maulana Azad University
Tamil Nadu,Chennai,Tamil Nadu Music and Fine Arts University
Uttarakhand,Dehradun,Hemwati Nandan Bahuguna Medical Education University
Rajasthan,,Shekhawati University
Haryana,,Al-Falah University
Haryana,,BML Munjal University
Gujarat,Vadodara,Team Lease Skills University
Gujarat,,Junagarh Agricultural University
Rajasthan,Jaipur,Dr. Bhimrao Ambedkar Law University
Uttarakhand,,Veer Chandra Singh Garhwali Uttarakhand University of Horticulture & Forestry
Gujarat,Vadodara,ITM Vocational University
Rajasthan,,Pacific Medical University
Karnataka,,Dayananda Sagar University
Sikkim,East Sikkim,Shri Ramasamy Memorial University Sikkim
Uttar Pradesh,,Madan Mohan Malaviya University of Technology
Haryana,,Ashoka University
Maharashtra,Mumbai City,Amity University
Uttar Pradesh,,Rajiv Gandhi National Aviation University
Nagaland,,Nagaland University
Arunachal Pradesh,,North East Frontier Technical University
Haryana,,Chaudhary Ranbir Singh University
Punjab,,Rayat Bahra University
Chhattisgarh,Raipur,Amity University
Telangana,Hyderabad,Nizam's Institute of Medical Sciences
Assam,,Mahapurusha Srimanta Sankaradeva Viswavidyalaya
Arunachal Pradesh,Papum Pare,Arunodaya University
Karnataka,Bengaluru Urban,Rai Technology University
Madhya Pradesh,,Maharishi Mahesh Yogi Vedic Vishwavidyalaya
Rajasthan,Jaipur,IIHMR University
Uttar Pradesh,Lucknow,Maharishi University of Information Technology
Uttar Pradesh,,Jaypee University
Uttar Pradesh,,U.P. Pandit Deen Dayal Upadhyaya Pashu Chikitsa Vigyan Vishwavidhyalaya Evam Go-Anusandhan Sansthan
Assam,,Assam Women's University
West Bengal,Kolkata,Adamas University
West Bengal,Kolkata,Adamas University
Madhya Pradesh,Bhopal,Sarvepalli Radhakrishnan University
Punjab,,GNA University
West Bengal,,Seacom Skills University
Haryana,,State University of Performing and Visual Arts
West Bengal,Kolkata,University of Engineering and Management
West Bengal,,JIS University
Himachal Pradesh,,Abhilashi University
Telangana,Hyderabad,Professor Jayashankar Telangana State Agricultural University
West Bengal,,Cooch Behar Panchanan Barma University
Punjab,,Sant Baba Bhag Singh University
Chhattisgarh,,O.P. Jindal University
Karnataka,,Institute of Trans-Disciplinary Health Sciences and Technology
Maharashtra,Pune,Spicer Adventist University
Gujarat,Ahmedabad,Lakulish Yoga University
Telangana,Hyderabad,Sri Konda Laxman Telangana State Horticultural University
Bihar,,Mahatma Gandhi Central University
Maharashtra,Pune,Ajeenkya D.Y. Patil University
Maharashtra,Pune,Flame University
Gujarat,Vadodara,Parul University
Gujarat,Ahmedabad,G.L.S. University
West Bengal,,The Neotia University
Karnataka,Surat,Srinivas University
Manipur,,Sangai International University
Rajasthan,,R.N.B. Global University
Rajasthan,,Raj Rishi Bhartrihari Matsya University
Madhya Pradesh,Bhopal,LNCT University
West Bengal,,Diamond Harbour Women's University
Uttarakhand,,Motherhood University
Gujarat,Vadodara,GSFC University
Punjab,,Akal University
West Bengal,,Amity University
Uttar Pradesh,,J.S. University
West Bengal,,Bankura University
West Bengal,Kolkata,West Bengal University of Teachers Training Education Planning and Administration
Madhya Pradesh,Bhopal,Sanchi University of Buddhist-Indic Studies
Gujarat,,Indian Institute of Public Health
Gujarat,,Institute of Advanced Research
Haryana,Delhi,Manav Rachna University
Haryana,,Ch. Bansi Lal University
Punjab,,Maharaja Ranjit Singh Punjab Technical University
Madhya Pradesh,,Maharaja Chhatrasal Bundelkhand Vishwavidyalaya
Delhi,Delhi,Delhi Pharmaceutical Sciences & Research University
Kerala,Thiruvananthapuram,A.P.J. Abdul Kalam Technological University
Karnataka,,KLE Technological University
Karnataka,,University of Horticultural Sciences
Gujarat,Ahmedabad,Gujarat University of Transplantation Sciences
Gujarat,Ahmedabad,Institute of Infrastructure Technology Research and Management
Rajasthan,,Maharaja Surajmal Brij University
Rajasthan,Jaipur,Maharishi Arvind University Jaipur
Madhya Pradesh,,P.K. University
Punjab,,RIMT University
Maharashtra,Mumbai City,Maharashtra National Law University
Madhya Pradesh,,Medi-Caps University
Maharashtra,Pune,MIT Art Design and Technology University
Madhya Pradesh,,Mandsaur University
Madhya Pradesh,,Dr. B. R. Ambedkar University of Social Sciences
Jammu and Kashmir,Jammu,Central Institute of Buddhist Studies(CIBS)
West Bengal,Kolkata,Brainware University
Tripura,West Tripura,Maharaja Bir Bikram University
Haryana,,PDM University
Madhya Pradesh,,Dr. A.P.J Abdul Kalam University
Madhya Pradesh,,Shri Vaishnav Vidyapeeth Vishwavidyalaya
Maharashtra,,Sandip University
Gujarat,,Sankalchand Patel University
Gujarat,Bhopal,Anant National University
Rajasthan,Udaipur,Bhupal Nobles University
Gujarat,,Navsari Agriculture University
Jharkhand,Ranchi,Amity University
Jharkhand,Ranchi,Pragyan International University
Madhya Pradesh,,Malwanchal University
Jharkhand,,AISECT University
Gujarat,,Bhakta Kavi Narsinh Mehta University
Gujarat,,Shri Govind Guru University
Rajasthan,,Govind Guru Tribal University
Gujarat,Rajkot,Marwadi University
Odisha,,Khallikote University
Uttar Pradesh,,Siddharth University
West Bengal,Kolkata,The Sanskrit College and University
Uttar Pradesh,Lucknow,Era University
Odisha,,Gangadhar Meher University
Uttar Pradesh,,Bennett University
Uttar Pradesh,Delhi,Sanskriti University
Odisha,Khordha,Rama Devi Women's University
Uttar Pradesh,Meerut,IIMT University
Uttar Pradesh,Prayagraj,Allahabad State University
Chhattisgarh,,ISBM University
Madhya Pradesh,,G.H Raisoni University
Gujarat,,Plastindia International University
Jharkhand,Ranchi,Jharkhand Raksha Shakti University
Odisha,Khordha,International Institute of Information Technology (IIIT)
Jharkhand,Ranchi,Usha Martin University
Odisha,Patna,Birla Global University
Assam,Kamrup Metropolitan,The Assam Royal Global University
Jharkhand,Ranchi,Jharkhand Raksha Shakti University
Punjab,,CT University
Madhya Pradesh,,Symbiosis University of Applied Sciences (SUAS)
Nagaland,,St. Joseph University
Uttar Pradesh,,Harcourt Butler Technical University
Uttar Pradesh,,Bareilly International University
Rajasthan,Udaipur,Sai Tirupati University
West Bengal,Kolkata,St. Xavier's University
Uttarakhand,,Uttarakhand Aawasiya Viswavidyalaya
Haryana,,Starex University
Madhya Pradesh,,Avantika University
Karnataka,Bengaluru Urban,Karnataka State Rural Development and Panchayat Raj University
Karnataka,,Garden City University
Maharashtra,Nagpur,Maharashtra National Law University
Maharashtra,,Mody University of Science & Technology
Rajasthan,,Mody University of Science & Technology
Jammu and Kashmir,Jammu,Cluster University of Jammu
Gujarat,,Karnavati University
Uttar Pradesh,,Banda University of Agriculture & Technology
Gujarat,Surat,P. P. Savani University
Maharashtra,Pune,Dr. Vishwanath Karad MIT World Peace University
Uttarakhand,,Himalayan Garhwal University
Uttarakhand,,Himalayan Garhwal University
West Bengal,,Raiganj University
Maharashtra,Pune,Vishwakarma University
Maharashtra,Mumbai City,Symbiosis Skills and Open University
Rajasthan,Jaipur,University of Technology
Punjab,,Sri Guru Ram Das University of Health Sciences
Uttar Pradesh,,Uttar Pradesh University of Medical Sciences
Karnataka,Mysuru,JSS Science & Technology University
Bihar,,Sandip University
Maharashtra,,Maharashtra National Law University
Rajasthan,Jaipur,Bhartiya Skill Development University
Bihar,,K K University
Manipur,Imphal West,Manipur Technical University
Uttar Pradesh,,Jananayak Chandrashekhar University
Uttarakhand,Dehradun,Shri Guru Ram Rai University
Jharkhand,Ranchi,Sarla Birla University
Karnataka,,Bengaluru North University
Gujarat,,Swarnim Startup & Innovation University
Maharashtra,,Sanjay Ghodawat University
Karnataka,Bengaluru Urban,Bengaluru Central University
Karnataka,Kalaburagi,Sharnbasva University
Haryana,,Haryana Vishwakarma Skill University
Uttarakhand,,Bhagwant Global University
Karnataka,,University of Agricultural Sciences
Odisha,,Odisha State Open University
Jharkhand,Ranchi,YBN University
Jharkhand,,Arka Jain University
Manipur,Imphal West,Manipur University of Culture
Arunachal Pradesh,Papum Pare,The Global University
Gujarat,,Indrashil University
Kerala,,Chinmaya Vishwavidyapeeth
Gujarat,,Kamdhenu University
Uttarakhand,Dehradun,Ras Bihari Bose Subharti university
Chhattisgarh,Raipur,International Institute of Information Technology
Uttarakhand,Dehradun,Quantum University
Rajasthan,Jaipur,Rajasthan ILD Skills University (RISU)
Madhya Pradesh,Bhopal,VIT Bhopal University
Jammu and Kashmir,Srinagar,Cluster University of Srinagar
Madhya Pradesh,,Pandit S N Shukla University
Telangana,,Kaloji Narayan Rao University of Health Sciences
Madhya Pradesh,,Sage University
Telangana,Hyderabad,Sri P V Narsimha Rao Telangana Veterinary University
Haryana,,Maharana Partap Horticultural University
Andhra Pradesh,,SRM University
Andhra Pradesh,Patna,Centurion University of Technology and Management
Haryana,,World University Of Design
Odisha,,Veer Surendra Sai Institute of Medical Science and Research
West Bengal,Kolkata,Sister Nivedita University
Bihar,Patna,Amity University
Gujarat,,Sardar Krushinagar Dantiwada Agricultural University
Himachal Pradesh,Shimla,Himachal Pradesh National Law University
Chhattisgarh,Raipur,Hemchand Yadav Vishwavidyalaya(Earlier known as Durg Vishwavidyalaya)
Madhya Pradesh,,Renaissance University
Jharkhand,,Binod Bihari Mahto Koylanchal University
Maharashtra,Pune,D Y Patil International University
Bihar,Patna,Dr C. V. Raman University
Andhra Pradesh,Ranchi,Dr Shyama Prasad Mukherjee University
Jharkhand,Ranchi,Dr. Shyama Prasad University
Gujarat,,Gokul Global University
Gujarat,Rajkot,Atmiya University
Andhra Pradesh,,VIT-AP University
West Bengal,Kolkata,Indian Association for the Cultivation of Science (IACS)
Haryana,,IILM University
Madhya Pradesh,Bhopal,Madhyanchal Professional University
Madhya Pradesh,Bhopal,Bhabha University
Bihar,,Munger University
Bihar,,Purnea University
Delhi,Delhi,Indira Gandhi Delhi Technical University for Women
Chhattisgarh,Raipur,Shri Rawatpura Sarkar University
Bihar,,Gopal Narayan Singh University
Madhya Pradesh,,Shri Krishna University
Bihar,Patna,Patliputra University
Gujarat,Vadodara,National Rail and Transportation Institute
Madhya Pradesh,,Dharmashastra National Law University
Madhya Pradesh,,Mansarovar Global University
Madhya Pradesh,,Sardar Patel University
Madhya Pradesh,,Dr C V Raman University
Bihar,,Al-Karim University
Chhattisgarh,Raipur,AAFT University of Media and Arts
Gujarat,,Birsa Munda Tribal University
Jharkhand,,Netaji Subhas University
Karnataka,,Adichunchanagiri University
Maharashtra,Mumbai City,Chhatrapati Shivaji Maharaj University
Karnataka,,Khaja Bandanawaz University
Manipur,Imphal West,Dhanamanjuri University
Manipur,,National Sports University
Delhi,Delhi,Netaji Subhas University of Technology
Manipur,,National Sports University
Jharkhand,,Radha Govind University
Assam,,Krishnaguru Adhyatmik Visvavidyalaya
Jharkhand,Patna,Capital University
Bihar,Patna,Bihar Animal Sciences University
Rajasthan,Jaipur,Apex university
Rajasthan,Delhi,Lords University
Rajasthan,,Shyam University
Andhra Pradesh,,KREA University
Assam,,Central Institute of Technology(CIT)
Andhra Pradesh,,Saveetha Amaravati University
Sikkim,East Sikkim,Sikkim State University
Odisha,,AIPH University
Rajasthan,Surat,Shri Khushal Das University
Odisha,,Gandhi Institute of Engineering & Technology University
Uttarakhand,Dehradun,Sardar Bhagwan Singh University
Rajasthan,,Bikaner Technical University
Haryana,,Maharishi Balmiki Sanskrit University
Haryana,,Gurugram University
Andhra Pradesh,,Dr. Abdul Haq Urdu University
Manipur,Imphal West,Manipur International University
Jharkhand,,Ramchandra Chandravansi University
Bihar,,Mata Gujri University
Chandigarh,Chandigarh,Om Sterling Global University
Gujarat,,Gujarat Maritime University
Andhra Pradesh,,Bharatiya Engineering Science and Technology Innovation University
Jharkhand,Ranchi,Jharkhand University of Technology
Haryana,,Dr. B.R. Ambedkar National Law University
Jharkhand,Ranchi,Ram Krishna Dharmath Foundation University
Karnataka,Dharwad,Shri Dharmasthala Manjunatheshwara University
Uttar Pradesh,Lucknow,Dr. Ram Manohar Lohia Institute of Medical Sciences
